name,volumeName,slug,_id
Anal Bang 7,5,anal-bang-7,68d2359441e2572881a2e154
Black Pearls 1,5,black-pearls-1,6835fdba59c9e44d20392ba1
CRE_001.mp4,5,cre_001.mp4,6835fdbf59c9e44d20392c97
CreampieCathy.com - Ariel Orgy p1 + p2,5,creampiecathy.com-ariel-orgy-p1-+-p2,6835fdbc59c9e44d20392bf5
CreampieCathy.com - Scene 908 Twelve Inch BBC For Cathy,5,creampiecathy.com-scene-908-twelve-inch-bbc-for-cathy,6835fdbd59c9e44d20392c25
CreampieCathy.com - Scene 911 Electra Rayne Creampie Gangbang 1,5,creampiecathy.com-scene-911-electra-rayne-creampie-gangbang-1,6835fdbd59c9e44d20392c2e
CreampieCathy.com - Scene 912 Electra Rayne Creampie Gangbang 2,5,creampiecathy.com-scene-912-electra-rayne-creampie-gangbang-2,6835fdbd59c9e44d20392c31
CreampieCathy.com - Scene 950 Celestina Blooms Creampie Orgy 2,5,creampiecathy.com-scene-950-celestina-blooms-creampie-orgy-2,6835fdbe59c9e44d20392c5b
Hungry Nymphos,5,hungry-nymphos,68d2359c41e2572881a2e310
Premium Bukkake - Bruna Santos - Bukkake,5,premium-bukkake-bruna-santos-bukkake,6835fdc459c9e44d20392de1
Premium Bukkake - Zlata Shine - Bukkake,5,premium-bukkake-zlata-shine-bukkake,6835fdc559c9e44d20392e06
PutaLocura.com 8 lefazos para estrenarse,5,putalocura.com-8-lefazos-para-estrenarse,6835fdc559c9e44d20392e15
PutaLocura.com Buena corrida malaguena,5,putalocura.com-buena-corrida-malaguena,69483153e02d956bde62c1c2
PutaLocura.com Como se rie la de las trencitas,5,putalocura.com-como-se-rie-la-de-las-trencitas,693d6ebc48d191fc3476e37b
PutaLocura.com Corrida en las mamellas,5,putalocura.com-corrida-en-las-mamellas,6977b7ee4466720e8460d6b7
PutaLocura.com Creampie GangBang Pink Charlotte,5,putalocura.com-creampie-gangbang-pink-charlotte,6835fdc959c9e44d20392ef9
PutaLocura.com Dandole a la teen!,5,putalocura.com-dandole-a-la-teen!,698789153b8ef23658f2344f
PutaLocura.com En la cama con Torbe con Chantal,5,putalocura.com-en-la-cama-con-torbe-con-chantal,689702229c89e80ef581f94b
"PutaLocura.com En la cama con Torbe Kia (May 09, 2018)",5,putalocura.com-en-la-cama-con-torbe-kia-(may-09-2018),6977b7f04466720e8460d71d
PutaLocura.com Jovencita timida,5,putalocura.com-jovencita-timida,6835fdcc59c9e44d20392fd0
PutaLocura.com La del culazo follando!,5,putalocura.com-la-del-culazo-follando!,6835fdcd59c9e44d20392fd6
PutaLocura.com Mamadas Red (III),5,putalocura.com-mamadas-red-(iii),69483157e02d956bde62c2b2
PutaLocura.com Me la come en el parque,5,putalocura.com-me-la-come-en-el-parque,69483158e02d956bde62c2dc
PutaLocura.com Mexicana Ardiente,5,putalocura.com-mexicana-ardiente,693d6ebd48d191fc3476e3cc
PutaLocura.com Mexicanas - Helena Danae,5,putalocura.com-mexicanas-helena-danae,6835fdce59c9e44d2039303f
PutaLocura.com Mexicans Helena Danae (03042018 - 16min),5,putalocura.com-mexicans-helena-danae-(03042018-16min),69483159e02d956bde62c2f4
PutaLocura.com Mini Clips Katy Culo (III),5,putalocura.com-mini-clips-katy-culo-(iii),6835fdce59c9e44d20393045
PutaLocura.com Padre Damian Mia Capri (II),5,putalocura.com-padre-damian-mia-capri-(ii),6835fdcf59c9e44d20393078
PutaLocura.com Parejitas Rebequita y Dani (II),5,putalocura.com-parejitas-rebequita-y-dani-(ii),6835fdd059c9e44d203930ae
PutaLocura.com Pillada en la tormenta,5,putalocura.com-pillada-en-la-tormenta,6948315be02d956bde62c390
PutaLocura.com Pilladas Kitty Love,5,putalocura.com-pilladas-kitty-love,698789193b8ef23658f23578
PutaLocura.com Pilladas Red,5,putalocura.com-pilladas-red,6987891a3b8ef23658f23590
PutaLocura.com Pilladas Sweet Mia,5,putalocura.com-pilladas-sweet-mia,6987891a3b8ef23658f2359f
PutaLocura.com Pollon para Carlota,5,putalocura.com-pollon-para-carlota,6835fdd159c9e44d203930f9
PutaLocura.com Polvo intenso a la espanola,5,putalocura.com-polvo-intenso-a-la-espanola,693d6ebd48d191fc3476e3de
PutaLocura.com Recopilatorio Super Corridas 14,5,putalocura.com-recopilatorio-super-corridas-14,6948315de02d956bde62c420
PutaLocura.com Se traga 17 lefazos anonimos,5,putalocura.com-se-traga-17-lefazos-anonimos,6948315ee02d956bde62c456
PutaLocura.com Tetona la mama,5,putalocura.com-tetona-la-mama,6977b7f54466720e8460d86d
TadPoleXXXStudio - Hannah Grace Creampie Gangbang,5,tadpolexxxstudio-hannah-grace-creampie-gangbang,6835fdd959c9e44d203932ac
